column_name,description,data_type,example
patient_id,Unique patient identifier,UUID / string,2f9cfa7f-c1d7-4d99-8bfb-ef...
age,Age of patient in years,int (0-100),67
sex,Sex/gender of patient,category,Male
ethnicity,Ethnic background,category,Mestizo / Caucasian / Russian
socio_economic_status,Socio-economic status,category,Middle
marital_status,Marital status,category,Married
disability_status,Disability or impairment status,category/bool,None
primary_diagnosis,Main diagnosis (ICD10 code),category (ICD10),E11
secondary_diagnoses,Additional diagnoses (ICD10 codes),list of strings,"['I10', 'E78.5']"
comorbidities,Comorbid conditions,list of strings,"['Hypertension', 'Obesity']"
current_medications,Medications currently taken,list of strings,"['Metformin', 'Lisinopril']"
allergies,Known allergies,list of strings,['Penicillin']
treatment_history,Structured text on past treatments,string,2019: Insulin; 2020: Diet
first_diagnosis_date,Date of first diagnosis,date (YYYY-MM-DD),2018-03-10
condition_status,Current health status,category,Stable
lab_results,Recent laboratory results,dict,"{""glucose"": 180, ""creatinine"": 1.2}"
bmi,Body Mass Index,float,28.4
smoker,Whether the patient is a smoker,bool,True
alcohol_use,Whether the patient uses alcohol,bool,False
region,Geographical region or city,string,CDMX / London / Москва
hospital,Hospital name,string,Hospital General de México / St. Thomas' Hospital / Городская больница №1
insurance_type,Type of health insurance,category,Public
hospital_visits_last_year,Number of hospital visits last year,int,3
recent_care_type,Type of most recent medical care,category,Emergency
followup_frequency_per_year,Planned medical follow-ups per year,int,4
